{
  "files": {
    "py": "6GP002_test_set/101034_P02_6w_A1_JF608_6GP002_DIV37_burst98/analysis/ALI_Result.mat",
    "ml": "6GP002_test_set/Analysis/101034_P02_6w_A1_JF608_6GP002_DIV37_burst98/ALI_Result.mat"
  },
  "params": {
    "py": "6GP002_test_set/101034_P02_6w_A1_JF608_6GP002_DIV37_burst98/analysis",
    "ml": "6GP002_test_set/Analysis/101034_P02_6w_A1_JF608_6GP002_DIV37_burst98",
    "out": "scratchpad_snr/snr_report_101034",
    "fps": 800.0,
    "hp": 20.0,
    "k": 4.0,
    "max_dist": 6.0,
    "label_py": "pyali",
    "label_ml": "matlab"
  },
  "counts": {
    "py_cells": 351,
    "ml_cells": 352,
    "matched": 351
  },
  "aggregate": {
    "noise_sigma": {
      "pyali": {
        "n": 351,
        "median": 0.05122771609067497,
        "mean": 0.07933146464553358,
        "iqr": 0.10878589115476572
      },
      "matlab": {
        "n": 352,
        "median": 0.0514304566722204,
        "mean": 0.07963540682656753,
        "iqr": 0.10916776008040212
      }
    },
    "snr_median": {
      "pyali": {
        "n": 329,
        "median": 4.735880462027877,
        "mean": 5.516146527284251,
        "iqr": 0.7142640708783601
      },
      "matlab": {
        "n": 330,
        "median": 4.736336794972223,
        "mean": 5.514480797186217,
        "iqr": 0.7183698816582087
      }
    },
    "snr_p90": {
      "pyali": {
        "n": 329,
        "median": 5.83332567520478,
        "mean": 6.749912060393424,
        "iqr": 2.3129223135388024
      },
      "matlab": {
        "n": 330,
        "median": 5.835216519047786,
        "mean": 6.74597235536996,
        "iqr": 2.3060158237790453
      }
    },
    "snr_max": {
      "pyali": {
        "n": 329,
        "median": 6.6965382410280565,
        "mean": 7.619632400818167,
        "iqr": 3.254849330171253
      },
      "matlab": {
        "n": 330,
        "median": 6.695736969847296,
        "mean": 7.610430275626236,
        "iqr": 3.163100629616139
      }
    },
    "spectral_hf_snr": {
      "pyali": {
        "n": 351,
        "median": 1.2543799695499167,
        "mean": 1.4761112378022407,
        "iqr": 1.140961108940846
      },
      "matlab": {
        "n": 352,
        "median": 1.2465355312231974,
        "mean": 1.4693737016276887,
        "iqr": 1.132589986282348
      }
    },
    "n_spikes": {
      "pyali": {
        "n": 351,
        "median": 14.0,
        "mean": 17.985754985754987,
        "iqr": 21.0
      },
      "matlab": {
        "n": 352,
        "median": 14.0,
        "mean": 17.883522727272727,
        "iqr": 21.0
      }
    }
  },
  "paired": {
    "noise_sigma": {
      "n": 351,
      "pyali_median": 0.05122771609067497,
      "matlab_median": 0.05122771609136344,
      "py_gt_ml_frac": 0.5213675213675214,
      "wilcoxon_p": 0.7117272050610626
    },
    "snr_median": {
      "n": 329,
      "pyali_median": 4.735880462027877,
      "matlab_median": 4.73588046205775,
      "py_gt_ml_frac": 0.46504559270516715,
      "wilcoxon_p": 0.20934933716882076
    },
    "snr_p90": {
      "n": 329,
      "pyali_median": 5.83332567520478,
      "matlab_median": 5.833325675029836,
      "py_gt_ml_frac": 0.47416413373860183,
      "wilcoxon_p": 0.4109997938935651
    },
    "snr_max": {
      "n": 329,
      "pyali_median": 6.6965382410280565,
      "matlab_median": 6.694935698418014,
      "py_gt_ml_frac": 0.47720364741641336,
      "wilcoxon_p": 0.5455999431832022
    },
    "spectral_hf_snr": {
      "n": 351,
      "pyali_median": 1.2543799695499167,
      "matlab_median": 1.2499530178216165,
      "py_gt_ml_frac": 0.5185185185185185,
      "wilcoxon_p": 0.19415196283974467
    },
    "n_spikes": {
      "n": 351,
      "pyali_median": 14.0,
      "matlab_median": 14.0,
      "py_gt_ml_frac": 0.005698005698005698,
      "wilcoxon_p": 0.17971249487899976
    },
    "corr_raw": {
      "n": 351,
      "median": 1.0,
      "mean": 0.9998634381847012,
      "iqr": 2.220446049250313e-16
    },
    "corr_hp": {
      "n": 351,
      "median": 1.0,
      "mean": 0.9983282843558142,
      "iqr": 1.1102230246251565e-16
    },
    "coh_hi": {
      "n": 351,
      "median": 1.0,
      "mean": 0.9979790979316261,
      "iqr": 0.0
    }
  }
}